564463394,263812,绝色百花宗,https://i2.hdslb.com/bfs/face/bfc15eb52a4abeba1dbcaece17ff0aa6b60c322d.jpg
477248368,2542,矿蛙粉丝66666666666,https://i1.hdslb.com/bfs/face/6e7ee177b5cc681b9609c07f8d5eb574b52d409c.jpg
222179428,1241,小周音乐,https://i2.hdslb.com/bfs/face/73ca3ef3fa92ff4fb01fa0c95f2e69a9e209db99.jpg
649715126,850,纯儿美女哇,https://i1.hdslb.com/bfs/face/9726682007e5ee84f61b6ec571f19ea8eaba222f.jpg
222188307,501,暴躁的糯米饭团,https://i2.hdslb.com/bfs/face/609c934e9c2d32daa352ed0ccd2b60008718c136.jpg
819603963,5339,星动影视解说,https://i2.hdslb.com/bfs/face/8ebe1f1a55eb17549871150c2d8e042460bdc8d8.jpg
477235945,24661,Allliucan,https://i1.hdslb.com/bfs/face/0e9a2ff5bf4927d8f4ce0923397bc6cf6828e2b9.jpg
777009302,229362,啊飞动漫社,https://i2.hdslb.com/bfs/face/b1518d1bbdf2a34b661972e4a7869c9478595dc9.jpg
477216362,3392,天南之烛,https://i2.hdslb.com/bfs/face/5532d8d3e697cce6bbbf8fe1b624f02c1e6350ae.png
349387513,3414,看遍天下女神,https://i1.hdslb.com/bfs/face/72ee32ad52759ec1c4c140c2f76742c8182f4740.jpg
649588744,22621,星动影视解说,https://i2.hdslb.com/bfs/face/8ebe1f1a55eb17549871150c2d8e042460bdc8d8.jpg
649747019,540,发给很遗憾,https://i2.hdslb.com/bfs/face/6a304bfaf16ba25269aa42258a933ebebf73d99a.jpg
519692861,408,茹茹超级辣,https://i0.hdslb.com/bfs/face/9726682007e5ee84f61b6ec571f19ea8eaba222f.jpg
989424343,4369,走下去总会成功,https://i2.hdslb.com/bfs/face/b93d54167de84374463ad922f18240d76fd786b1.jpg
519553774,382312,尧哥李,https://i0.hdslb.com/bfs/face/635d059dedd667fe4d44f60cc6bf701939180ce9.jpg
734671937,840,隔壁老宫唉,https://i2.hdslb.com/bfs/face/ddaae14f3b681d8f1443a3bc66fc3c6cf58a861b.jpg
564710979,11535,女霞姐姐姐,https://i0.hdslb.com/bfs/face/ee8af62f310c26883e8e799013481da61f2a953d.jpg
602793141,40258,喜儿说动漫,https://i2.hdslb.com/bfs/face/395094c7d42806bcdd1ae5e2f73f4067e6572cc1.jpg
819461261,2143,啊啊啊地莫,https://i0.hdslb.com/bfs/face/4ceba7a26f268db95b8849cce6c48da29ae46b56.jpg
306130365,18305,家藏收,https://i1.hdslb.com/bfs/face/cce00a6daa4150a2eab2c4cd7f94467c3984018e.jpg
862140626,1322,舞蹈小花猫,https://i1.hdslb.com/bfs/face/361c3c988974538caceaed9124b81b43002febe9.jpg
78676144,4438773,辽东王三,https://i2.hdslb.com/bfs/face/8e128608a9ba7e91d0f174c31efc4b916a309174.jpg
989625028,425,星辰漫画社,https://i0.hdslb.com/bfs/face/4d90ae60fe5b91931a835821cad5269f9b7de09b.jpg
349650690,339,浮岛视频,http://i1.hdslb.com/bfs/face/b41fe2e42ead9ad362526e0dd9659510dc1bcb79.jpg
989646149,1199,云水剪辑,https://i0.hdslb.com/bfs/face/8176dfd0ca116d978048e10624f7e8fc195267a6.jpg
771970082,62760,放映影视,https://i1.hdslb.com/bfs/face/5938d032ce3d9b4547d8fa552fd4271baabadbd0.jpg
692053817,41975,柒月莎子,https://i1.hdslb.com/bfs/face/c0bb7b93c14c199a7d95c4f8e4043dfadeaa1867.jpg
605590946,450867,高中小Aho,https://i1.hdslb.com/bfs/face/07eed76db1da5ccd9f5a1fe9f8c9bc0b4160ec84.jpg
521552382,225062,EZ漫画解说,https://i0.hdslb.com/bfs/face/e3d65ea407f3f5afba6e7ebd73a5514cce82d56f.jpg
947110543,72469,_arthas_zs,https://i2.hdslb.com/bfs/face/8f2ea612c551fda6c6343094e06629f51292afab.jpg
519660509,3026,木禾子苗,https://i1.hdslb.com/bfs/face/6e7ee177b5cc681b9609c07f8d5eb574b52d409c.jpg
903341754,5010,卡布叻_晓轩,https://i1.hdslb.com/bfs/baselabs/05bca6a1fd121ec898136cd784d0b656665c5532.jpg
11589908,151698,荔枝_小熊,https://i1.hdslb.com/bfs/face/1fb24658304f3523b6ef914eda5fa7f3a755520b.jpg
606903765,583,走下去总会成功,https://i2.hdslb.com/bfs/face/b93d54167de84374463ad922f18240d76fd786b1.jpg
691184979,4454,哥谭市的恶梦,https://i1.hdslb.com/bfs/face/620395ba77309cc2e2d9de1609d051b465a7ecbc.jpg
564532573,57464,美女小姐姐集中营,https://i2.hdslb.com/bfs/face/9ea65402d3bf0def7d3d5598d3bc8a665353f23b.jpg
862090619,296,捉风做影,https://i0.hdslb.com/bfs/face/9f21367ef38e04b2d3ca1e9a8b3324a631e9d145.jpg
564273486,2105,走下去总会成功,https://i2.hdslb.com/bfs/face/b93d54167de84374463ad922f18240d76fd786b1.jpg
222015913,2406,星动影视解说,https://i2.hdslb.com/bfs/face/8ebe1f1a55eb17549871150c2d8e042460bdc8d8.jpg
476817058,949,走下去总会成功,https://i2.hdslb.com/bfs/face/b93d54167de84374463ad922f18240d76fd786b1.jpg
391872242,2473,马克白兰地,https://i2.hdslb.com/bfs/face/f91f3d6014278e41e6995a0744f015e840d3feaf.jpg
691312672,11569,陌路下的归宿,https://i0.hdslb.com/bfs/face/662c48dff8c97ed2efb53ce44c4acae9e67fc6ff.jpg
